-- Seed data snapshot of the local Supabase database.
-- Loaded automatically after migrations on `supabase db reset` (see supabase/config.toml [db.seed]).
-- Safe to re-run: truncates seeded tables first.

begin;

truncate table
  "public"."Badges",
  "public"."Accounts",
  "public"."PlayerRoundScore",
  "public"."Players_X_Games",
  "public"."Rounds",
  "public"."Games",
  "public"."Players",
  "public"."Users"
restart identity cascade;

delete from "auth"."users"
where id in (
  'a767b434-6cd5-4845-94bb-e53ded6417cf',
  '571ba99a-be45-4c67-af3e-72130aba9539',
  'c46a9be8-bbe5-4bd0-af92-c3cd05dcc980'
);

-- auth.users -----------------------------------------------------------

insert into "auth"."users"
  (id, instance_id, aud, role, email, encrypted_password, email_confirmed_at,
   created_at, updated_at, raw_app_meta_data, raw_user_meta_data,
   confirmation_token, recovery_token, email_change_token_new, email_change)
values
  ('a767b434-6cd5-4845-94bb-e53ded6417cf', '00000000-0000-0000-0000-000000000000', 'authenticated', 'authenticated',
   'asdfasdfasd@accounts.sheepsheadscores.internal', '$2a$10$fPInYoYevqd84Qkm.uq5G.cjeBed915lslwyHXa1oSXKpalFtLoqG',
   '2026-07-15 01:58:57.627074+00', '2026-07-15 01:58:57.621476+00', '2026-07-15 01:58:57.982347+00',
   '{"provider":"email","providers":["email"]}', '{"email_verified":true}', '', '', '', ''),
  ('571ba99a-be45-4c67-af3e-72130aba9539', '00000000-0000-0000-0000-000000000000', 'authenticated', 'authenticated',
   'frenchfryegr@gmail.com', '',
   null, '2026-07-15 22:16:28.672396+00', '2026-07-15 22:16:28.713751+00',
   '{"provider":"email","providers":["email"]}', '{}',
   '74164bcdc4b4156ce3f6dcc608cb86d448198cf8edb52d71138d5bbb', '', '', ''),
  ('c46a9be8-bbe5-4bd0-af92-c3cd05dcc980', '00000000-0000-0000-0000-000000000000', 'authenticated', 'authenticated',
   'caleb@accounts.sheepsheadscores.internal', '$2a$10$8ZWXg4jFn7Q15edgq3Cw6.jR9VgovFHD.4dh1c83vUmYvY4j9g4kG',
   '2026-07-15 01:56:20.200823+00', '2026-07-15 01:56:20.194442+00', '2026-07-18 00:22:04.720611+00',
   '{"provider":"email","providers":["email"]}', '{"email_verified":true}', '', '', '', '');

-- public."Players" -------------------------------------------------------

insert into "public"."Players" (player_id, player_name, created) values
  (1, 'Caleb Local', '2026-07-15 22:55:35.373541+00'),
  (2, 'Caleb Local 2', '2026-07-15 22:55:40.686543+00'),
  (3, 'Other GUY', '2026-07-15 22:55:45.403673+00'),
  (4, 'test1', '2026-07-18 00:32:11.547103+00'),
  (5, 'test2', '2026-07-18 00:32:14.113654+00'),
  (6, 'test3', '2026-07-18 00:32:16.32251+00'),
  (7, 'test4', '2026-07-18 00:32:18.340742+00'),
  (8, 'test5', '2026-07-18 00:32:20.661458+00');

-- public."Games" -----------------------------------------------------------

insert into "public"."Games" (game_id, game_datetime, created, num_players, is_completed, game_name) values
  (1, '2026-07-15 22:55:46.70565', '2026-07-15 22:55:46.711548+00', 3, true, 'Caleb''s game of destiny'),
  (2, '2026-07-15 23:19:57.408791', '2026-07-15 23:19:57.411966+00', 3, true, null),
  (3, '2026-07-15 23:24:09.976059', '2026-07-15 23:24:09.978535+00', 3, true, 'asdf'),
  (4, '2026-07-18 00:27:04.090195', '2026-07-18 00:27:04.093769+00', 3, true, null),
  (5, '2026-07-18 00:32:26.640399', '2026-07-18 00:32:26.64195+00', 5, true, null),
  (6, '2026-07-18 00:33:52.276865', '2026-07-18 00:33:52.278307+00', 5, true, null),
  (7, '2026-07-18 00:34:33.707746', '2026-07-18 00:34:33.709716+00', 5, true, null);

-- public."Rounds" ----------------------------------------------------------

insert into "public"."Rounds" (round_id, game_id, round_number, round_result, no_schneider, no_trick, no_partner, created) values
  (1, 2, 1, 'Picker Win', false, false, false, '2026-07-15 23:20:21.800486+00'),
  (2, 2, 2, 'Picker Win', false, false, false, '2026-07-15 23:20:32.067892+00'),
  (3, 2, 3, 'Leaster', false, false, false, '2026-07-15 23:21:51.424902+00'),
  (4, 3, 1, 'Picker Win', true, false, false, '2026-07-15 23:24:36.024107+00'),
  (5, 3, 2, 'Picker Loss', false, false, false, '2026-07-15 23:24:43.913024+00'),
  (6, 3, 3, 'Leaster', false, false, false, '2026-07-15 23:24:52.357215+00'),
  (7, 3, 3, 'Picker Win', false, false, false, '2026-07-15 23:24:57.254856+00'),
  (8, 3, 4, 'Picker Loss', false, false, false, '2026-07-15 23:25:13.694472+00'),
  (9, 3, 5, 'Leaster', false, false, false, '2026-07-15 23:30:10.69282+00'),
  (10, 4, 1, 'Picker Win', false, false, false, '2026-07-18 00:27:08.045948+00'),
  (11, 4, 2, 'Picker Win', false, false, false, '2026-07-18 00:28:02.217525+00'),
  (12, 4, 3, 'Picker Win', false, false, false, '2026-07-18 00:28:05.849641+00'),
  (13, 4, 4, 'Picker Win', false, false, false, '2026-07-18 00:28:09.776272+00'),
  (14, 4, 5, 'Picker Win', false, false, false, '2026-07-18 00:28:13.481678+00'),
  (15, 5, 1, 'Picker Win', false, false, false, '2026-07-18 00:32:31.912304+00'),
  (16, 5, 2, 'Picker Loss', false, false, false, '2026-07-18 00:32:40.050302+00'),
  (17, 5, 3, 'Leaster', false, false, false, '2026-07-18 00:32:44.480126+00'),
  (18, 6, 1, 'Picker Win', false, false, false, '2026-07-18 00:33:58.230548+00'),
  (19, 6, 2, 'Picker Win', false, false, false, '2026-07-18 00:34:03.333778+00'),
  (20, 6, 3, 'Leaster', false, false, false, '2026-07-18 00:34:07.465999+00'),
  (21, 6, 4, 'Picker Loss', false, false, false, '2026-07-18 00:34:14.016588+00'),
  (22, 6, 5, 'Picker Win', false, false, false, '2026-07-18 00:34:19.423466+00'),
  (23, 7, 1, 'Picker Loss', false, false, false, '2026-07-18 00:34:40.466249+00'),
  (24, 7, 2, 'Picker Win', false, false, false, '2026-07-18 00:34:53.125496+00'),
  (25, 7, 3, 'Picker Win', false, false, false, '2026-07-18 00:37:09.74548+00'),
  (26, 7, 4, 'Picker Win', false, false, true, '2026-07-18 00:45:09.171473+00'),
  (27, 7, 5, 'Picker Loss', false, false, true, '2026-07-18 00:52:17.413568+00');

-- public."Players_X_Games" --------------------------------------------------

insert into "public"."Players_X_Games" ("playerXgame_id", player_id, game_id, created) values
  (1, 1, 1, '2026-07-15 22:55:46.7199+00'),
  (2, 2, 1, '2026-07-15 22:55:46.7199+00'),
  (3, 3, 1, '2026-07-15 22:55:46.7199+00'),
  (4, 1, 2, '2026-07-15 23:19:57.424412+00'),
  (5, 2, 2, '2026-07-15 23:19:57.424412+00'),
  (6, 3, 2, '2026-07-15 23:19:57.424412+00'),
  (7, 1, 3, '2026-07-15 23:24:09.985735+00'),
  (8, 2, 3, '2026-07-15 23:24:09.985735+00'),
  (9, 3, 3, '2026-07-15 23:24:09.985735+00'),
  (10, 1, 4, '2026-07-18 00:27:04.103767+00'),
  (11, 2, 4, '2026-07-18 00:27:04.103767+00'),
  (12, 3, 4, '2026-07-18 00:27:04.103767+00'),
  (13, 1, 5, '2026-07-18 00:32:26.648638+00'),
  (14, 4, 5, '2026-07-18 00:32:26.648638+00'),
  (15, 6, 5, '2026-07-18 00:32:26.648638+00'),
  (16, 5, 5, '2026-07-18 00:32:26.648638+00'),
  (17, 2, 5, '2026-07-18 00:32:26.648638+00'),
  (18, 1, 6, '2026-07-18 00:33:52.284951+00'),
  (19, 3, 6, '2026-07-18 00:33:52.284951+00'),
  (20, 5, 6, '2026-07-18 00:33:52.284951+00'),
  (21, 6, 6, '2026-07-18 00:33:52.284951+00'),
  (22, 4, 6, '2026-07-18 00:33:52.284951+00'),
  (23, 1, 7, '2026-07-18 00:34:33.714616+00'),
  (24, 4, 7, '2026-07-18 00:34:33.714616+00'),
  (25, 6, 7, '2026-07-18 00:34:33.714616+00'),
  (26, 3, 7, '2026-07-18 00:34:33.714616+00'),
  (27, 7, 7, '2026-07-18 00:34:33.714616+00');

-- public."PlayerRoundScore" --------------------------------------------------

insert into "public"."PlayerRoundScore" (player_round_score_id, round_id, player_id, point_delta, player_role, created) values
  (1, 1, 1, 2, 'Picker', '2026-07-15 23:20:21.809171+00'),
  (2, 1, 2, -1, 'Opponent', '2026-07-15 23:20:21.809171+00'),
  (3, 1, 3, -1, 'Opponent', '2026-07-15 23:20:21.809171+00'),
  (7, 3, 1, -1, 'Leaster Loser', '2026-07-15 23:21:51.4363+00'),
  (8, 3, 2, -1, 'Leaster Loser', '2026-07-15 23:21:51.4363+00'),
  (9, 3, 3, 2, 'Leaster Winner', '2026-07-15 23:21:51.4363+00'),
  (10, 4, 1, -2, 'Opponent', '2026-07-15 23:24:36.030898+00'),
  (11, 4, 2, 4, 'Picker', '2026-07-15 23:24:36.030898+00'),
  (12, 4, 3, -2, 'Opponent', '2026-07-15 23:24:36.030898+00'),
  (13, 5, 1, -2, 'Picker', '2026-07-15 23:24:43.919203+00'),
  (14, 5, 2, 1, 'Opponent', '2026-07-15 23:24:43.919203+00'),
  (15, 5, 3, 1, 'Opponent', '2026-07-15 23:24:43.919203+00'),
  (16, 6, 1, -1, 'Leaster Loser', '2026-07-15 23:24:52.364168+00'),
  (17, 6, 2, 2, 'Leaster Winner', '2026-07-15 23:24:52.364168+00'),
  (18, 6, 3, -1, 'Leaster Loser', '2026-07-15 23:24:52.364168+00'),
  (19, 7, 1, 2, 'Picker', '2026-07-15 23:24:57.261502+00'),
  (20, 7, 2, -1, 'Opponent', '2026-07-15 23:24:57.261502+00'),
  (21, 7, 3, -1, 'Opponent', '2026-07-15 23:24:57.261502+00'),
  (22, 8, 1, 1, 'Opponent', '2026-07-15 23:25:13.699938+00'),
  (23, 8, 2, 1, 'Opponent', '2026-07-15 23:25:13.699938+00'),
  (24, 8, 3, -2, 'Picker', '2026-07-15 23:25:13.699938+00'),
  (25, 9, 1, 2, 'Leaster Winner', '2026-07-15 23:30:10.699772+00'),
  (26, 9, 2, -1, 'Leaster Loser', '2026-07-15 23:30:10.699772+00'),
  (27, 9, 3, -1, 'Leaster Loser', '2026-07-15 23:30:10.699772+00'),
  (28, 10, 1, 2, 'Picker', '2026-07-18 00:27:08.052302+00'),
  (29, 10, 2, -1, 'Opponent', '2026-07-18 00:27:08.052302+00'),
  (30, 10, 3, -1, 'Opponent', '2026-07-18 00:27:08.052302+00'),
  (31, 11, 1, 2, 'Picker', '2026-07-18 00:28:02.224766+00'),
  (32, 11, 2, -1, 'Opponent', '2026-07-18 00:28:02.224766+00'),
  (33, 11, 3, -1, 'Opponent', '2026-07-18 00:28:02.224766+00'),
  (34, 12, 1, 2, 'Picker', '2026-07-18 00:28:05.855106+00'),
  (35, 12, 2, -1, 'Opponent', '2026-07-18 00:28:05.855106+00'),
  (36, 12, 3, -1, 'Opponent', '2026-07-18 00:28:05.855106+00'),
  (37, 13, 1, 2, 'Picker', '2026-07-18 00:28:09.78257+00'),
  (38, 13, 2, -1, 'Opponent', '2026-07-18 00:28:09.78257+00'),
  (39, 13, 3, -1, 'Opponent', '2026-07-18 00:28:09.78257+00'),
  (40, 14, 1, 2, 'Picker', '2026-07-18 00:28:13.48845+00'),
  (41, 14, 2, -1, 'Opponent', '2026-07-18 00:28:13.48845+00'),
  (42, 14, 3, -1, 'Opponent', '2026-07-18 00:28:13.48845+00'),
  (43, 2, 1, 2, 'Picker', '2026-07-18 00:29:24.806169+00'),
  (44, 2, 2, -1, 'Opponent', '2026-07-18 00:29:24.806169+00'),
  (45, 2, 3, -1, 'Opponent', '2026-07-18 00:29:24.806169+00'),
  (46, 15, 1, 2, 'Picker', '2026-07-18 00:32:31.918997+00'),
  (47, 15, 4, 1, 'Partner', '2026-07-18 00:32:31.918997+00'),
  (48, 15, 6, -1, 'Opponent', '2026-07-18 00:32:31.918997+00'),
  (49, 15, 5, -1, 'Opponent', '2026-07-18 00:32:31.918997+00'),
  (50, 15, 2, -1, 'Opponent', '2026-07-18 00:32:31.918997+00'),
  (51, 16, 1, 1, 'Opponent', '2026-07-18 00:32:40.056305+00'),
  (52, 16, 4, -1, 'Partner', '2026-07-18 00:32:40.056305+00'),
  (53, 16, 6, -2, 'Picker', '2026-07-18 00:32:40.056305+00'),
  (54, 16, 5, 1, 'Opponent', '2026-07-18 00:32:40.056305+00'),
  (55, 16, 2, 1, 'Opponent', '2026-07-18 00:32:40.056305+00'),
  (56, 17, 1, 4, 'Leaster Winner', '2026-07-18 00:32:44.486317+00'),
  (57, 17, 4, -1, 'Leaster Loser', '2026-07-18 00:32:44.486317+00'),
  (58, 17, 6, -1, 'Leaster Loser', '2026-07-18 00:32:44.486317+00'),
  (59, 17, 5, -1, 'Leaster Loser', '2026-07-18 00:32:44.486317+00'),
  (60, 17, 2, -1, 'Leaster Loser', '2026-07-18 00:32:44.486317+00'),
  (61, 18, 1, -1, 'Opponent', '2026-07-18 00:33:58.236848+00'),
  (62, 18, 3, -1, 'Opponent', '2026-07-18 00:33:58.236848+00'),
  (63, 18, 5, 2, 'Picker', '2026-07-18 00:33:58.236848+00'),
  (64, 18, 6, 1, 'Partner', '2026-07-18 00:33:58.236848+00'),
  (65, 18, 4, -1, 'Opponent', '2026-07-18 00:33:58.236848+00'),
  (66, 19, 1, -1, 'Opponent', '2026-07-18 00:34:03.340269+00'),
  (67, 19, 3, 2, 'Picker', '2026-07-18 00:34:03.340269+00'),
  (68, 19, 5, -1, 'Opponent', '2026-07-18 00:34:03.340269+00'),
  (69, 19, 6, 1, 'Partner', '2026-07-18 00:34:03.340269+00'),
  (70, 19, 4, -1, 'Opponent', '2026-07-18 00:34:03.340269+00'),
  (71, 20, 1, -1, 'Leaster Loser', '2026-07-18 00:34:07.471433+00'),
  (72, 20, 3, -1, 'Leaster Loser', '2026-07-18 00:34:07.471433+00'),
  (73, 20, 5, -1, 'Leaster Loser', '2026-07-18 00:34:07.471433+00'),
  (74, 20, 6, 4, 'Leaster Winner', '2026-07-18 00:34:07.471433+00'),
  (75, 20, 4, -1, 'Leaster Loser', '2026-07-18 00:34:07.471433+00'),
  (76, 21, 1, -1, 'Partner', '2026-07-18 00:34:14.021738+00'),
  (77, 21, 3, 1, 'Opponent', '2026-07-18 00:34:14.021738+00'),
  (78, 21, 5, 1, 'Opponent', '2026-07-18 00:34:14.021738+00'),
  (79, 21, 6, 1, 'Opponent', '2026-07-18 00:34:14.021738+00'),
  (80, 21, 4, -2, 'Picker', '2026-07-18 00:34:14.021738+00'),
  (81, 22, 1, 2, 'Picker', '2026-07-18 00:34:19.427823+00'),
  (82, 22, 3, -1, 'Opponent', '2026-07-18 00:34:19.427823+00'),
  (83, 22, 5, -1, 'Opponent', '2026-07-18 00:34:19.427823+00'),
  (84, 22, 6, 1, 'Partner', '2026-07-18 00:34:19.427823+00'),
  (85, 22, 4, -1, 'Opponent', '2026-07-18 00:34:19.427823+00'),
  (86, 23, 1, -2, 'Picker', '2026-07-18 00:34:40.471185+00'),
  (87, 23, 4, -1, 'Partner', '2026-07-18 00:34:40.471185+00'),
  (88, 23, 6, 1, 'Opponent', '2026-07-18 00:34:40.471185+00'),
  (89, 23, 3, 1, 'Opponent', '2026-07-18 00:34:40.471185+00'),
  (90, 23, 7, 1, 'Opponent', '2026-07-18 00:34:40.471185+00'),
  (91, 24, 1, -1, 'Opponent', '2026-07-18 00:34:53.131567+00'),
  (92, 24, 4, -1, 'Opponent', '2026-07-18 00:34:53.131567+00'),
  (93, 24, 6, 1, 'Partner', '2026-07-18 00:34:53.131567+00'),
  (94, 24, 3, -1, 'Opponent', '2026-07-18 00:34:53.131567+00'),
  (95, 24, 7, 2, 'Picker', '2026-07-18 00:34:53.131567+00'),
  (96, 25, 1, -1, 'Opponent', '2026-07-18 00:37:09.751229+00'),
  (97, 25, 4, -1, 'Opponent', '2026-07-18 00:37:09.751229+00'),
  (98, 25, 6, 1, 'Partner', '2026-07-18 00:37:09.751229+00'),
  (99, 25, 3, 2, 'Picker', '2026-07-18 00:37:09.751229+00'),
  (100, 25, 7, -1, 'Opponent', '2026-07-18 00:37:09.751229+00'),
  (101, 26, 1, 4, 'Picker', '2026-07-18 00:45:09.179715+00'),
  (102, 26, 4, -1, 'Opponent', '2026-07-18 00:45:09.179715+00'),
  (103, 26, 6, -1, 'Opponent', '2026-07-18 00:45:09.179715+00'),
  (104, 26, 3, -1, 'Opponent', '2026-07-18 00:45:09.179715+00'),
  (105, 26, 7, -1, 'Opponent', '2026-07-18 00:45:09.179715+00'),
  (106, 27, 1, 1, 'Opponent', '2026-07-18 00:52:17.420416+00'),
  (107, 27, 4, 1, 'Opponent', '2026-07-18 00:52:17.420416+00'),
  (108, 27, 6, 1, 'Opponent', '2026-07-18 00:52:17.420416+00'),
  (109, 27, 3, -4, 'Picker', '2026-07-18 00:52:17.420416+00'),
  (110, 27, 7, 1, 'Opponent', '2026-07-18 00:52:17.420416+00');

-- public."Accounts" ----------------------------------------------------------

insert into "public"."Accounts"
  (user_id, username, email, claimed_player_id, created, contact_email, avatar_path,
   scoreboard_initials, scoreboard_color, show_avatar_on_scoreboard)
values
  ('a767b434-6cd5-4845-94bb-e53ded6417cf', 'asdfasdfasd', 'asdfasdfasd@accounts.sheepsheadscores.internal',
   null, '2026-07-15 01:58:57.634657+00', null, null, null, null, false),
  ('c46a9be8-bbe5-4bd0-af92-c3cd05dcc980', 'caleb', 'caleb@accounts.sheepsheadscores.internal',
   1, '2026-07-15 01:56:20.208589+00', 'frenchfrycaleb@gmail.com',
   'c46a9be8-bbe5-4bd0-af92-c3cd05dcc980/8d40ce35-0124-40cd-ba39-149877a99ab5.jpg',
   null, '#6D8A31', false);

-- public."Badges" ----------------------------------------------------------

insert into "public"."Badges" (badge_key, holder_player_id, value, display_value, sample_size, updated_at) values
  ('dominator', 1, 0, '0.0%', 13, '2026-07-18 00:52:19.287671+00'),
  ('just_plain_good', 1, 0.846153846153846, '84.6%', 13, '2026-07-18 00:52:19.287671+00'),
  ('lone_wolf', 1, 1, '1', 1, '2026-07-18 00:52:19.287671+00'),
  ('overconfident', 3, 1, '1', 1, '2026-07-18 00:52:19.287671+00'),
  ('the_sidekick', 6, 1, '100.0%', 5, '2026-07-18 00:52:19.287671+00');

-- Realign identity sequences with the max seeded id --------------------------

select setval(pg_get_serial_sequence('"public"."Players"', 'player_id'), (select max(player_id) from "public"."Players"));
select setval(pg_get_serial_sequence('"public"."Games"', 'game_id'), (select max(game_id) from "public"."Games"));
select setval(pg_get_serial_sequence('"public"."Rounds"', 'round_id'), (select max(round_id) from "public"."Rounds"));
select setval(pg_get_serial_sequence('"public"."Players_X_Games"', 'playerXgame_id'), (select max("playerXgame_id") from "public"."Players_X_Games"));
select setval(pg_get_serial_sequence('"public"."PlayerRoundScore"', 'player_round_score_id'), (select max(player_round_score_id) from "public"."PlayerRoundScore"));

commit;
